{
  "custom": {},
  "params": {},
  "props": {
    "defaultSize": {
      "height": 581,
      "width": 160
    }
  },
  "root": {
    "children": [
      {
        "events": {
          "component": {
            "onActionPerformed": [
              {
                "config": {
                  "page": "/"
                },
                "scope": "C",
                "type": "nav"
              },
              {
                "config": {
                  "script": "\tself.getSibling(\"AlertLabel\").meta.visible \u003d False"
                },
                "scope": "G",
                "type": "script"
              }
            ]
          }
        },
        "meta": {
          "name": "HomeButton"
        },
        "position": {
          "basis": "34px"
        },
        "props": {
          "image": {
            "icon": {
              "path": "material/home"
            }
          },
          "primary": false,
          "style": {
            "classes": "btnNav"
          },
          "text": "Home"
        },
        "type": "ia.input.button"
      },
      {
        "events": {
          "component": {
            "onActionPerformed": {
              "config": {
                "script": "\tif self.session.custom.username \u003d\u003d \"\" or self.session.custom.username \u003d\u003d None:\n\t\tself.getSibling(\"AlertLabel\").meta.visible \u003d True\n\t\treturn\n\t\n\tself.getSibling(\"AlertLabel\").meta.visible \u003d False\n\tsystem.perspective.navigate(\"/profile\")\n\t"
              },
              "scope": "G",
              "type": "script"
            }
          }
        },
        "meta": {
          "name": "ProfileButton"
        },
        "position": {
          "basis": "34px"
        },
        "props": {
          "image": {
            "icon": {
              "path": "material/supervised_user_circle"
            }
          },
          "primary": false,
          "style": {
            "classes": "btnNav"
          },
          "text": "Profile"
        },
        "type": "ia.input.button"
      },
      {
        "events": {
          "component": {
            "onActionPerformed": {
              "config": {
                "script": "\tif self.session.custom.username \u003d\u003d \"\" or self.session.custom.username \u003d\u003d None:\n\t\tself.getSibling(\"AlertLabel\").meta.visible \u003d True\n\t\treturn\n\t\n\tself.getSibling(\"AlertLabel\").meta.visible \u003d False\n\tsystem.perspective.navigate(\"/tasks\")"
              },
              "scope": "G",
              "type": "script"
            }
          }
        },
        "meta": {
          "name": "TasksButton"
        },
        "position": {
          "basis": "34px"
        },
        "props": {
          "image": {
            "icon": {
              "path": "material/add_task"
            }
          },
          "primary": false,
          "style": {
            "classes": "btnNav"
          },
          "text": "Tasks"
        },
        "type": "ia.input.button"
      },
      {
        "events": {
          "component": {
            "onActionPerformed": {
              "config": {
                "script": "\tif self.session.custom.username \u003d\u003d \"\" or self.session.custom.username \u003d\u003d None:\n\t\tself.getSibling(\"AlertLabel\").meta.visible \u003d True\n\t\treturn\n\t\n\tself.getSibling(\"AlertLabel\").meta.visible \u003d False\n\tsystem.perspective.navigate(\"/settings\")"
              },
              "scope": "G",
              "type": "script"
            }
          }
        },
        "meta": {
          "name": "SettingsButton"
        },
        "position": {
          "basis": "34px"
        },
        "props": {
          "image": {
            "icon": {
              "path": "material/settings"
            }
          },
          "primary": false,
          "style": {
            "classes": "btnNav"
          },
          "text": "Settings"
        },
        "type": "ia.input.button"
      },
      {
        "meta": {
          "name": "AlertLabel",
          "visible": false
        },
        "position": {
          "basis": "56px"
        },
        "props": {
          "style": {
            "color": "#E74C3C",
            "fontSize": "20px",
            "fontWeight": "900"
          },
          "text": "Log in to continue!"
        },
        "type": "ia.display.label"
      }
    ],
    "meta": {
      "name": "root"
    },
    "props": {
      "alignItems": "flex-start",
      "direction": "column",
      "style": {
        "backgroundColor": "#34495E",
        "color": "white",
        "padding": "12px"
      }
    },
    "type": "ia.container.flex"
  }
}