{
  "base": {
    "style": {
      "backgroundColor": "transparent",
      "borderColor": "transparent",
      "borderStyle": "solid",
      "borderTopLeftRadius": "10px",
      "borderTopRightRadius": "10px",
      "borderBottomLeftRadius": "10px",
      "borderBottomRightRadius": "10px",
      "color": "#FFFFFF",
      "cursor": "pointer",
      "fontFamily": "monospace",
      "fontSize": "14px",
      "fontWeight": "bold",
      "marginBottom": "15px",
      "padding": "8px 14px"
    }
  },
  "variants": [
    {
      "pseudo": "hover",
      "style": {
        "backgroundColor": "#1ABC9C",
        "borderColor": "1ABC9C",
        "color": "white"
      }
    }
  ]
}