{
  "custom": {},
  "events": {
    "system": {
      "onStartup": {
        "config": {
          "script": "\tif self.session.custom.username \u003d\u003d \"\" or self.session.custom.username \u003d\u003d None:\n\t\tsystem.perspective.navigate(\"/\")\n\t\treturn\n\t\n\tself.getSibling(\"AlertLabel\").meta.visible \u003d False"
        },
        "scope": "G",
        "type": "script"
      }
    }
  },
  "params": {},
  "props": {},
  "root": {
    "children": [
      {
        "meta": {
          "name": "UsernameLabel"
        },
        "position": {
          "breakpoints": [
            {
              "colIndex": 4,
              "name": "sm",
              "order": 1,
              "rowIndex": 0,
              "span": 8
            },
            {
              "colIndex": 3,
              "name": "md",
              "order": 1,
              "rowIndex": 0,
              "span": 9
            },
            {
              "colIndex": 3,
              "name": "lg",
              "order": 1,
              "rowIndex": 0,
              "span": 4
            }
          ],
          "height": 60
        },
        "propConfig": {
          "props.text": {
            "binding": {
              "config": {
                "expression": "{session.custom.username}"
              },
              "type": "expr"
            }
          }
        },
        "props": {
          "style": {
            "classes": "heading"
          }
        },
        "type": "ia.display.label"
      },
      {
        "meta": {
          "name": "UsernameTextField"
        },
        "position": {
          "breakpoints": [
            {
              "colIndex": 0,
              "name": "sm",
              "order": 1,
              "rowIndex": 1,
              "span": 6
            },
            {
              "colIndex": 0,
              "name": "md",
              "order": 1,
              "rowIndex": 1,
              "span": 5
            },
            {
              "colIndex": 0,
              "name": "lg",
              "order": 1,
              "rowIndex": 1,
              "span": 5
            }
          ],
          "height": 38
        },
        "propConfig": {
          "props.text": {
            "binding": {
              "config": {
                "expression": "{session.custom.username}"
              },
              "type": "expr"
            }
          }
        },
        "props": {
          "style": {
            "classes": "normalField"
          }
        },
        "type": "ia.input.text-field"
      },
      {
        "events": {
          "component": {
            "onActionPerformed": {
              "config": {
                "script": "\tnew_username \u003d self.getSibling(\"UsernameTextField\").props.text\n\t\n\terror_label \u003d self.getSibling(\"ErrorLabel\")\n\t\n\tif not new_username:\n\t\terror_label.props.style[\"color\"] \u003d \"red\"\n\t\terror_label.props.text \u003d \"Username cannot be empty\"\n\t\treturn\n\t\t\n\tsame_user \u003d system.db.runPrepQuery(\"SELECT COUNT(1) FROM Users WHERE username \u003d ? AND email \u003d ?\", [new_username, self.session.custom.email], \"MyPanelDB\")[0][0]\n\t\n\tif same_user \u003e 0:\n\t\terror_label.props.style[\"color\"] \u003d \"red\"\n\t\terror_label.props.text \u003d \"It is the same, right?\"\n\t\treturn\n\t\n\texisting_user \u003d system.db.runPrepQuery(\"SELECT COUNT(1) FROM Users WHERE username \u003d ?\", [new_username], \"MyPanelDB\")[0][0]\n\t\n\tif existing_user \u003e 0:\n\t\terror_label.props.style[\"color\"] \u003d \"red\"\n\t\terror_label.props.text \u003d \"Username already taken\"\n\t\treturn\n\t\n\ttry:\n\t\tsystem.db.runPrepUpdate(\"UPDATE Users SET username \u003d ? WHERE email \u003d ?\", [new_username, self.session.custom.email], \"MyPanelDB\")\n\t\tself.session.custom.username \u003d new_username\n\t\terror_label.props.style[\"color\"] \u003d \"green\"\n\t\terror_label.props.text \u003d \"Username updated successfully!\"\n\texcept Exception as e:\n\t\terror_label.props.style[\"color\"] \u003d \"red\"\n\t\terror_label.props.text \u003d \"Error updating username\""
              },
              "scope": "G",
              "type": "script"
            }
          }
        },
        "meta": {
          "name": "UpdateUsernameButton"
        },
        "position": {
          "breakpoints": [
            {
              "colIndex": 6,
              "name": "sm",
              "order": 2,
              "rowIndex": 1,
              "span": 6
            },
            {
              "colIndex": 5,
              "name": "md",
              "order": 2,
              "rowIndex": 1,
              "span": 4
            },
            {
              "colIndex": 5,
              "name": "lg",
              "order": 2,
              "rowIndex": 1,
              "span": 4
            }
          ],
          "height": 39
        },
        "props": {
          "style": {
            "classes": "btnPrimary",
            "margin": "8px"
          },
          "text": "Update username"
        },
        "type": "ia.input.button"
      },
      {
        "meta": {
          "name": "EmailTextField"
        },
        "position": {
          "breakpoints": [
            {
              "colIndex": 0,
              "name": "sm",
              "order": 3,
              "rowIndex": 1,
              "span": 6
            },
            {
              "colIndex": 0,
              "name": "md",
              "order": 0,
              "rowIndex": 2,
              "span": 5
            },
            {
              "colIndex": 0,
              "name": "lg",
              "order": 0,
              "rowIndex": 2,
              "span": 5
            }
          ],
          "height": 39
        },
        "propConfig": {
          "props.text": {
            "binding": {
              "config": {
                "expression": "{session.custom.email}"
              },
              "type": "expr"
            }
          }
        },
        "props": {
          "style": {
            "classes": "normalField"
          }
        },
        "type": "ia.input.text-field"
      },
      {
        "events": {
          "component": {
            "onActionPerformed": {
              "config": {
                "script": "\tnew_email \u003d self.getSibling(\"EmailTextField\").props.text\n\t\n\terror_label \u003d self.getSibling(\"ErrorLabel\")\n\t\n\tif not new_email:\n\t\terror_label.props.style[\"color\"] \u003d \"red\"\n\t\terror_label.props.text \u003d \"Email cannot be empty\"\n\t\treturn\n\t\t\n\tsame_user \u003d system.db.runPrepQuery(\"SELECT COUNT(1) FROM Users WHERE email \u003d ? AND username \u003d ?\", [new_email, self.session.custom.username], \"MyPanelDB\")[0][0]\n\t\n\tif same_user \u003e 0:\n\t\terror_label.props.style[\"color\"] \u003d \"red\"\n\t\terror_label.props.text \u003d \"It is the same, right?\"\n\t\treturn\n\t\n\texisting_user \u003d system.db.runPrepQuery(\"SELECT COUNT(1) FROM Users WHERE email \u003d ?\", [new_email], \"MyPanelDB\")[0][0]\n\t\n\tif existing_user \u003e 0:\n\t\terror_label.props.style[\"color\"] \u003d \"red\"\n\t\terror_label.props.text \u003d \"Email already taken\"\n\t\treturn\n\t\n\tif not isValidEmail(new_email):\n\t\terror_label.props.style[\"color\"] \u003d \"red\"\n\t\terror_label.props.text \u003d \"Invalid email format\"\n\t\treturn\n\t\n\ttry:\n\t\tsystem.db.runPrepUpdate(\"UPDATE Users SET email \u003d ? WHERE username \u003d ?\", [new_email, self.session.custom.username], \"MyPanelDB\")\n\t\tself.session.custom.email \u003d new_email\n\t\terror_label.props.style[\"color\"] \u003d \"green\"\n\t\terror_label.props.text \u003d \"Email updated successfully!\"\n\texcept Exception as e:\n\t\terror_label.props.style[\"color\"] \u003d \"red\"\n\t\terror_label.props.text \u003d \"Error updating email\"\n\ndef isValidEmail(email):\n\temail \u003d email.strip()\n\t\n\tif email.count(\"@\") !\u003d 1:\n\t\treturn False\n\t\n\tif \" \" in email:\n\t\treturn False\n\t\n\treturn True"
              },
              "scope": "G",
              "type": "script"
            }
          }
        },
        "meta": {
          "name": "UpdateEmailButton"
        },
        "position": {
          "breakpoints": [
            {
              "colIndex": 6,
              "name": "sm",
              "order": 4,
              "rowIndex": 1,
              "span": 6
            },
            {
              "colIndex": 5,
              "name": "md",
              "order": 1,
              "rowIndex": 2,
              "span": 4
            },
            {
              "colIndex": 5,
              "name": "lg",
              "order": 1,
              "rowIndex": 2,
              "span": 4
            }
          ],
          "height": 39
        },
        "props": {
          "style": {
            "classes": "btnPrimary",
            "margin": "8px"
          },
          "text": "Update email"
        },
        "type": "ia.input.button"
      },
      {
        "events": {
          "component": {
            "onActionPerformed": {
              "config": {
                "script": "\tcurrent_password \u003d self.getSibling(\"CurrentPasswordField\").props.text\n\tnew_password \u003d self.getSibling(\"NewPasswordField\").props.text\n\t\n\terror_label \u003d self.getSibling(\"ErrorLabel\")\n\t\n\tif not current_password or not new_password:\n\t\terror_label.props.style[\"color\"] \u003d \"red\"\n\t\terror_label.props.text \u003d \"Both fields are required\"\n\t\treturn\n\t\n\tstored_password \u003d system.db.runPrepQuery(\"SELECT password FROM Users WHERE email \u003d ?\", [self.session.custom.email], \"MyPanelDB\")[0][0]\n\t\n\tif encryptPassword(current_password) !\u003d stored_password:\n\t\terror_label.props.style[\"color\"] \u003d \"red\"\n\t\terror_label.props.text \u003d \"Current password is incorrect\"\n\t\treturn\n\t\n\ttry:\n\t\tnew_password_hashed \u003d encryptPassword(new_password)\n\t\t\n\t\tsystem.db.runPrepUpdate(\"UPDATE Users SET password \u003d ? WHERE email \u003d ?\", [new_password_hashed, self.session.custom.email], \"MyPanelDB\")\n\t\t\n\t\terror_label.props.style[\"color\"] \u003d \"green\"\n\t\terror_label.props.text \u003d \"Password updated successfully!\"\n\t\t\n\t\tself.getSibling(\"CurrentPasswordField\").props.text \u003d \"\"\n\t\tself.getSibling(\"NewPasswordField\").props.text \u003d \"\"\n\texcept Exception as e:\n\t\terror_label.props.style[\"color\"] \u003d \"red\"\n\t\terror_label.props.text \u003d \"Error updating password \" + str(e)\n\t\ndef encryptPassword(password):\n\tfrom java.security import MessageDigest\n\tmd \u003d MessageDigest.getInstance(\"SHA-256\")\n\tmd.update(password.encode(\"utf-8\"))\n\thashedBytes \u003d md.digest()\n\t# convertir a hex string\n\treturn \"\".join([\"%02x\" % b for b in hashedBytes])"
              },
              "scope": "G",
              "type": "script"
            }
          }
        },
        "meta": {
          "name": "UpdatePasswordButton"
        },
        "position": {
          "breakpoints": [
            {
              "colIndex": 4,
              "name": "sm",
              "order": 4,
              "rowIndex": 3,
              "span": 4
            },
            {
              "colIndex": 4,
              "name": "md",
              "order": 4,
              "rowIndex": 3,
              "span": 4
            },
            {
              "colIndex": 8,
              "name": "lg",
              "order": 2,
              "rowIndex": 3,
              "span": 4
            }
          ],
          "height": 39
        },
        "props": {
          "style": {
            "classes": "btnPrimary",
            "margin": ""
          },
          "text": "Update password"
        },
        "type": "ia.input.button"
      },
      {
        "meta": {
          "name": "GreetingsLabel"
        },
        "position": {
          "breakpoints": [
            {
              "colIndex": 0,
              "name": "sm",
              "order": 0,
              "rowIndex": 0,
              "span": 1
            },
            {
              "colIndex": 0,
              "name": "md",
              "order": 0,
              "rowIndex": 0,
              "span": 3
            },
            {
              "colIndex": 0,
              "name": "lg",
              "order": 0,
              "rowIndex": 0,
              "span": 2
            }
          ],
          "height": 60
        },
        "props": {
          "style": {
            "classes": "heading",
            "fontSize": "27px"
          },
          "text": "Greetings..."
        },
        "type": "ia.display.label"
      },
      {
        "meta": {
          "name": "ErrorLabel"
        },
        "position": {
          "breakpoints": [
            {
              "colIndex": 0,
              "name": "sm",
              "order": 0,
              "rowIndex": 1,
              "span": 12
            },
            {
              "colIndex": 0,
              "name": "md",
              "order": 0,
              "rowIndex": 1,
              "span": 12
            },
            {
              "colIndex": 0,
              "name": "lg",
              "order": 0,
              "rowIndex": 1,
              "span": 12
            }
          ],
          "height": 60
        },
        "props": {
          "style": {
            "fontFamily": "monospace",
            "fontSize": "18px"
          }
        },
        "type": "ia.display.label"
      },
      {
        "meta": {
          "name": "CurrentPasswordField"
        },
        "position": {
          "breakpoints": [
            {
              "colIndex": 0,
              "name": "sm",
              "order": 0,
              "rowIndex": 3,
              "span": 5
            },
            {
              "colIndex": 0,
              "name": "md",
              "order": 0,
              "rowIndex": 3,
              "span": 5
            },
            {
              "colIndex": 0,
              "name": "lg",
              "order": 0,
              "rowIndex": 3,
              "span": 4
            }
          ],
          "height": 39
        },
        "props": {
          "placeholder": "Current password",
          "style": {
            "classes": "normalField"
          }
        },
        "type": "ia.input.password-field"
      },
      {
        "meta": {
          "name": "NewPasswordField"
        },
        "position": {
          "breakpoints": [
            {
              "colIndex": 5,
              "name": "sm",
              "order": 3,
              "rowIndex": 3,
              "span": 1
            },
            {
              "colIndex": 5,
              "name": "md",
              "order": 3,
              "rowIndex": 3,
              "span": 1
            },
            {
              "colIndex": 4,
              "name": "lg",
              "order": 1,
              "rowIndex": 3,
              "span": 4
            }
          ],
          "height": 39
        },
        "props": {
          "placeholder": "New password",
          "style": {
            "classes": "normalField"
          }
        },
        "type": "ia.input.password-field"
      }
    ],
    "meta": {
      "name": "root"
    },
    "props": {
      "style": {
        "padding": "20px"
      }
    },
    "type": "ia.container.column"
  }
}