{
  "custom": {},
  "params": {},
  "props": {
    "defaultSize": {
      "height": 71,
      "width": 403
    }
  },
  "root": {
    "children": [
      {
        "events": {
          "component": {
            "onActionPerformed": {
              "config": {
                "draggable": true,
                "id": "7jwu2liy",
                "modal": true,
                "overlayDismiss": false,
                "resizable": false,
                "showCloseIcon": true,
                "type": "open",
                "viewPath": "Popups/RegisterFormPopup",
                "viewportBound": false
              },
              "scope": "C",
              "type": "popup"
            }
          }
        },
        "meta": {
          "name": "RegisterButton"
        },
        "position": {
          "basis": "130px"
        },
        "propConfig": {
          "position.display": {
            "binding": {
              "config": {
                "expression": "{session.custom.username} \u003d \"\" || isNull({session.custom.username})"
              },
              "type": "expr"
            }
          }
        },
        "props": {
          "image": {
            "icon": {
              "path": "material/person_add"
            }
          },
          "primary": false,
          "style": {
            "classes": "btnPrimary",
            "margin": "13px 0px",
            "marginRight": "5px"
          },
          "text": "Register"
        },
        "type": "ia.input.button"
      },
      {
        "events": {
          "component": {
            "onActionPerformed": {
              "config": {
                "draggable": true,
                "id": "LksxbhPL",
                "modal": true,
                "overlayDismiss": false,
                "resizable": false,
                "showCloseIcon": true,
                "type": "open",
                "viewPath": "Popups/LogInFormPopup",
                "viewportBound": false
              },
              "scope": "C",
              "type": "popup"
            }
          }
        },
        "meta": {
          "name": "LoginButton"
        },
        "position": {
          "basis": "130px"
        },
        "propConfig": {
          "position.display": {
            "binding": {
              "config": {
                "expression": "{session.custom.username} \u003d \"\" || isNull({session.custom.username})"
              },
              "type": "expr"
            }
          }
        },
        "props": {
          "image": {
            "icon": {
              "path": "material/login"
            }
          },
          "primary": false,
          "style": {
            "classes": "btnPrimary",
            "margin": "13px",
            "marginRight": "5px"
          },
          "text": "Log In"
        },
        "type": "ia.input.button"
      },
      {
        "events": {
          "component": {
            "onActionPerformed": {
              "config": {
                "draggable": false,
                "id": "w-RvzoGi",
                "modal": true,
                "overlayDismiss": false,
                "resizable": false,
                "showCloseIcon": false,
                "type": "open",
                "viewPath": "Popups/ConfirmLogout",
                "viewportBound": false
              },
              "scope": "C",
              "type": "popup"
            }
          }
        },
        "meta": {
          "name": "LogoutButton"
        },
        "position": {
          "basis": "130px"
        },
        "propConfig": {
          "position.display": {
            "binding": {
              "config": {
                "expression": "{session.custom.username} !\u003d \"\" \u0026\u0026 !isNull({session.custom.username})"
              },
              "type": "expr"
            }
          }
        },
        "props": {
          "image": {
            "icon": {
              "path": "material/not_interested"
            }
          },
          "primary": false,
          "style": {
            "classes": "btnLogout",
            "margin": "13px"
          },
          "text": "Log out"
        },
        "type": "ia.input.button"
      }
    ],
    "meta": {
      "name": "root"
    },
    "props": {
      "justify": "flex-end"
    },
    "type": "ia.container.flex"
  }
}