{
  "custom": {
    "author": "- Rumi",
    "quote": "Move, but don\u0027t move the way fear makes you move."
  },
  "events": {
    "system": {
      "onStartup": {
        "config": {
          "script": "\turl \u003d \"https://dummyjson.com/quotes/random\"\n\t\n\ttry:\n\t\tresponse \u003d system.net.httpGet(url)\n\t\tdata \u003d system.util.jsonDecode(response)\n\t\tself.custom.quote \u003d data[\"quote\"]\n\t\tself.custom.author \u003d \"- \" + data[\"author\"]\n\texcept Exception as e:\n\t\tself.custom.quote \u003d \"An error occurred\"\n\t\tself.custom.author \u003d \"\""
        },
        "scope": "G",
        "type": "script"
      }
    }
  },
  "params": {},
  "propConfig": {
    "custom.author": {
      "persistent": true
    },
    "custom.quote": {
      "persistent": true
    }
  },
  "props": {
    "defaultSize": {
      "height": 355,
      "width": 502
    }
  },
  "root": {
    "children": [
      {
        "meta": {
          "name": "RandomPhraseLabel"
        },
        "position": {
          "basis": "32px"
        },
        "propConfig": {
          "props.text": {
            "binding": {
              "config": {
                "path": "view.custom.quote"
              },
              "type": "property"
            }
          }
        },
        "props": {
          "style": {
            "classes": "quote"
          },
          "textStyle": {
            "textAlignLast": "center"
          }
        },
        "type": "ia.display.label"
      },
      {
        "meta": {
          "name": "Label"
        },
        "position": {
          "basis": "32px"
        },
        "propConfig": {
          "props.text": {
            "binding": {
              "config": {
                "path": "view.custom.author"
              },
              "type": "property"
            }
          }
        },
        "props": {
          "style": {
            "classes": "author"
          }
        },
        "type": "ia.display.label"
      }
    ],
    "meta": {
      "name": "root"
    },
    "props": {
      "alignContent": "center",
      "alignItems": "center",
      "direction": "column",
      "justify": "space-evenly",
      "style": {
        "padding": "20px"
      },
      "wrap": "wrap"
    },
    "type": "ia.container.flex"
  }
}