{
  "custom": {},
  "params": {},
  "props": {
    "defaultSize": {
      "height": 50,
      "width": 185
    }
  },
  "root": {
    "children": [
      {
        "events": {
          "component": {
            "onActionPerformed": {
              "config": {
                "script": "\tsystem.perspective.closePopup(\"w-RvzoGi\")"
              },
              "scope": "G",
              "type": "script"
            }
          }
        },
        "meta": {
          "name": "NoButton"
        },
        "position": {
          "height": 34,
          "width": 80,
          "x": 8,
          "y": 11
        },
        "props": {
          "style": {
            "classes": "btnPrimary"
          },
          "text": "No"
        },
        "type": "ia.input.button"
      },
      {
        "events": {
          "component": {
            "onActionPerformed": {
              "config": {
                "script": "\tself.session.custom.username \u003d None\n\tself.session.custom.email \u003d None\n\tself.session.custom.user_id \u003d None\n\tsystem.perspective.closePopup(\"w-RvzoGi\")\n\tsystem.perspective.navigate(\"/\")"
              },
              "scope": "G",
              "type": "script"
            }
          }
        },
        "meta": {
          "name": "YesButton"
        },
        "position": {
          "height": 34,
          "width": 80,
          "x": 99,
          "y": 11
        },
        "props": {
          "style": {
            "classes": "btnLogout"
          },
          "text": "Yes"
        },
        "type": "ia.input.button"
      }
    ],
    "meta": {
      "name": "root"
    },
    "type": "ia.container.coord"
  }
}