{
  "custom": {},
  "params": {},
  "props": {
    "defaultSize": {
      "height": 460,
      "width": 421
    }
  },
  "root": {
    "children": [
      {
        "meta": {
          "name": "RegisterFormIcon"
        },
        "position": {
          "basis": "73px"
        },
        "props": {
          "color": "#1ABC9C",
          "path": "material/person_add"
        },
        "type": "ia.display.icon"
      },
      {
        "meta": {
          "name": "RegisterLabel"
        },
        "position": {
          "basis": "32px"
        },
        "props": {
          "style": {
            "classes": "heading"
          },
          "text": "Register"
        },
        "type": "ia.display.label"
      },
      {
        "meta": {
          "name": "ErrorLabel"
        },
        "position": {
          "basis": "32px"
        },
        "props": {
          "style": {
            "color": "#D32F2F",
            "fontWeight": "900"
          }
        },
        "type": "ia.display.label"
      },
      {
        "meta": {
          "name": "UsernameTextField"
        },
        "position": {
          "basis": "46px"
        },
        "props": {
          "placeholder": "Username*",
          "style": {
            "alignSelf": "stretch",
            "classes": "normalField"
          }
        },
        "type": "ia.input.text-field"
      },
      {
        "meta": {
          "name": "EmailTextField"
        },
        "position": {
          "basis": "46px"
        },
        "props": {
          "placeholder": "Email*",
          "style": {
            "alignSelf": "stretch",
            "classes": "normalField"
          }
        },
        "type": "ia.input.text-field"
      },
      {
        "meta": {
          "name": "PasswordField"
        },
        "position": {
          "basis": "70px"
        },
        "props": {
          "placeholder": "Password*",
          "style": {
            "classes": "normalField"
          }
        },
        "type": "ia.input.password-field"
      },
      {
        "meta": {
          "name": "BioTextArea"
        },
        "position": {
          "basis": "160px"
        },
        "props": {
          "placeholder": "Write about yourself",
          "style": {
            "alignSelf": "stretch",
            "classes": "textarea",
            "resize": "vertical"
          }
        },
        "type": "ia.input.text-area"
      },
      {
        "events": {
          "component": {
            "onActionPerformed": {
              "config": {
                "script": "\tusername \u003d self.getSibling(\"UsernameTextField\").props.text\n\temail \u003d self.getSibling(\"EmailTextField\").props.text\n\tpassword \u003d self.getSibling(\"PasswordField\").props.text\n\tbio \u003d self.getSibling(\"BioTextArea\").props.text\n\t\n\terror_label \u003d self.getSibling(\"ErrorLabel\")\n\t\n\tif not username or not email or not password:\n\t\terror_label.props.text \u003d \"Required fields are missing\"\n\t\treturn\n\t\n\tif not isValidEmail(email):\n\t\terror_label.props.text \u003d \"Invalid email format\"\n\t\treturn\n\t\t\n\terror_label.props.text \u003d \"\"\n\t\n\texisting_user \u003d system.db.runPrepQuery(\n\t\t\"SELECT COUNT(1) FROM Users WHERE username \u003d ?\", \n\t\t[username], \n\t\t\"MyPanelDB\"\n\t)[0][0]\n\tif existing_user and existing_user \u003e 0:\n\t\terror_label.props.text \u003d \"Username already exists\"\n\t\treturn\n\t\n\texisting_email \u003d system.db.runPrepQuery(\n\t\t\"SELECT COUNT(1) FROM Users WHERE email \u003d ?\", \n\t\t[email], \n\t\t\"MyPanelDB\"\n\t)[0][0]\n\tif existing_email and existing_email \u003e 0:\n\t\terror_label.props.text \u003d \"Email already registered\"\n\t\treturn\n\t\n\tpssword_haashed \u003d encryptPassword(password)\n\t\n\tquery \u003d \"\"\"\t\n\tINSERT INTO Users (username, email, password, bio)\n\tVALUES (?, ?, ?, ?)\n\t\"\"\"\n\t\n\ttry:\n\t\tsystem.db.runPrepUpdate(query, [username, email, pssword_haashed, bio], \"MyPanelDB\")\n\t\t\n\t\tself.getSibling(\"ErrorLabel\").props.style[\"color\"] \u003d \"green\"\n\t\tself.getSibling(\"ErrorLabel\").props.text \u003d \"User registered successfully!\"\n\t\t\n\t\tself.getSibling(\"UsernameTextField\").props.text \u003d \"\"\n\t\tself.getSibling(\"EmailTextField\").props.text \u003d \"\"\n\t\tself.getSibling(\"PasswordField\").props.text \u003d \"\"\n\t\tself.getSibling(\"BioTextArea\").props.text \u003d \"\"\n\texcept Exception as e:\n\t\tself.getSibling(\"ErrorLabel\").props.text \u003d \"An error occurred registering the user...\" + str(e)\n\ndef encryptPassword(password):\n\tfrom java.security import MessageDigest\n\tmd \u003d MessageDigest.getInstance(\"SHA-256\")\n\tmd.update(password.encode(\"utf-8\"))\n\thashedBytes \u003d md.digest()\n\t# convertir a hex string\n\treturn \"\".join([\"%02x\" % b for b in hashedBytes])\n\ndef isValidEmail(email):\n\temail \u003d email.strip()\n\t\n\tif email.count(\"@\") !\u003d 1:\n\t\treturn False\n\t\n\tif \" \" in email:\n\t\treturn False\n\t\n\treturn True"
              },
              "scope": "G",
              "type": "script"
            }
          }
        },
        "meta": {
          "name": "RegisterFormButton"
        },
        "position": {
          "basis": "39px"
        },
        "props": {
          "style": {
            "alignSelf": "stretch",
            "classes": "btnPrimary"
          },
          "text": "Register"
        },
        "type": "ia.input.button"
      }
    ],
    "meta": {
      "name": "root"
    },
    "props": {
      "alignItems": "center",
      "direction": "column",
      "justify": "space-evenly",
      "style": {
        "gap": "12px",
        "maxWidth": "500px",
        "padding": "24px"
      }
    },
    "type": "ia.container.flex"
  }
}