{
  "custom": {},
  "params": {},
  "props": {},
  "root": {
    "children": [
      {
        "meta": {
          "name": "WelcomeLabel"
        },
        "position": {
          "breakpoints": [
            {
              "colIndex": 0,
              "name": "sm",
              "order": 1,
              "rowIndex": 0,
              "span": 12
            },
            {
              "colIndex": 0,
              "name": "md",
              "order": 1,
              "rowIndex": 0,
              "span": 5
            },
            {
              "colIndex": 0,
              "name": "lg",
              "order": 1,
              "rowIndex": 0,
              "span": 12
            }
          ],
          "height": 60
        },
        "props": {
          "style": {
            "classes": "heading"
          },
          "text": "Welcome to my panel"
        },
        "type": "ia.display.label"
      },
      {
        "meta": {
          "name": "DescriptionLabel"
        },
        "position": {
          "breakpoints": [
            {
              "colIndex": 0,
              "name": "sm",
              "order": 1,
              "rowIndex": 1,
              "span": 12
            },
            {
              "colIndex": 0,
              "name": "md",
              "order": 1,
              "rowIndex": 1,
              "span": 10
            },
            {
              "colIndex": 0,
              "name": "lg",
              "order": 1,
              "rowIndex": 1,
              "span": 9
            }
          ],
          "height": 60
        },
        "props": {
          "style": {
            "classes": "description"
          },
          "text": "Welcome to your personal panel of productivity. Manage your tasks and preferences easily. Have fun!"
        },
        "type": "ia.display.label"
      },
      {
        "events": {
          "component": {
            "onActionPerformed": {
              "config": {
                "draggable": true,
                "id": "_s1QwHpw",
                "modal": false,
                "overlayDismiss": false,
                "resizable": false,
                "showCloseIcon": true,
                "type": "open",
                "viewPath": "Popups/RandomPhrasePopup",
                "viewportBound": false
              },
              "scope": "C",
              "type": "popup"
            }
          }
        },
        "meta": {
          "name": "RandomQuoteButton"
        },
        "position": {
          "breakpoints": [
            {
              "colIndex": 0,
              "name": "sm",
              "order": 1,
              "rowIndex": 2,
              "span": 12
            },
            {
              "colIndex": 0,
              "name": "md",
              "order": 1,
              "rowIndex": 2,
              "span": 5
            },
            {
              "colIndex": 0,
              "name": "lg",
              "order": 0,
              "rowIndex": 2,
              "span": 5
            }
          ],
          "height": 60
        },
        "props": {
          "image": {
            "icon": {
              "path": "material/format_quote"
            }
          },
          "style": {
            "classes": "btnPrimary"
          },
          "text": "Show me a random quote!"
        },
        "type": "ia.input.button"
      },
      {
        "meta": {
          "name": "CoordinateContainer"
        },
        "position": {
          "breakpoints": [
            {
              "colIndex": 6,
              "name": "sm",
              "order": 1,
              "rowIndex": 3,
              "span": 1
            },
            {
              "colIndex": 0,
              "name": "md",
              "order": 1,
              "rowIndex": 3,
              "span": 12
            },
            {
              "colIndex": 6,
              "name": "lg",
              "order": 1,
              "rowIndex": 3,
              "span": 1
            }
          ],
          "height": 60
        },
        "type": "ia.container.coord"
      }
    ],
    "meta": {
      "name": "root"
    },
    "props": {
      "style": {
        "padding": "12px"
      }
    },
    "type": "ia.container.column"
  }
}