{
  "custom": {},
  "params": {},
  "props": {
    "defaultSize": {
      "height": 63
    }
  },
  "root": {
    "children": [
      {
        "meta": {
          "name": "MyPanelLabel"
        },
        "position": {
          "basis": "139px"
        },
        "props": {
          "style": {
            "classes": "heading",
            "color": "#FFFEFC"
          },
          "text": "My Panel",
          "textStyle": {
            "fontSize": "25px"
          }
        },
        "type": "ia.display.label"
      },
      {
        "meta": {
          "name": "EmbeddedView"
        },
        "position": {
          "basis": "320px"
        },
        "props": {
          "path": "Components/HeaderButtons"
        },
        "type": "ia.display.view"
      }
    ],
    "meta": {
      "name": "root"
    },
    "props": {
      "justify": "space-between",
      "style": {
        "backgroundColor": "#34495E",
        "color": "white"
      }
    },
    "type": "ia.container.flex"
  }
}