{
  "custom": {},
  "events": {
    "system": {
      "onStartup": {
        "config": {
          "script": "\tif self.session.custom.username \u003d\u003d \"\" or self.session.custom.username \u003d\u003d None:\n\t\tsystem.perspective.navigate(\"/\")\n\t\treturn\n\t\n\tself.getSibling(\"AlertLabel\").meta.visible \u003d False"
        },
        "scope": "G",
        "type": "script"
      }
    }
  },
  "params": {},
  "props": {},
  "root": {
    "children": [
      {
        "events": {
          "component": {
            "onActionPerformed": {
              "config": {
                "draggable": true,
                "id": "1i2_qpNp",
                "modal": true,
                "overlayDismiss": false,
                "resizable": false,
                "showCloseIcon": true,
                "type": "open",
                "viewPath": "Popups/AddTask",
                "viewportBound": false
              },
              "scope": "C",
              "type": "popup"
            }
          }
        },
        "meta": {
          "name": "AddTaskButton"
        },
        "position": {
          "breakpoints": [
            {
              "colIndex": 0,
              "name": "sm",
              "order": 0,
              "rowIndex": 0,
              "span": 4
            },
            {
              "colIndex": 0,
              "name": "md",
              "order": 0,
              "rowIndex": 0,
              "span": 2
            },
            {
              "colIndex": 0,
              "name": "lg",
              "order": 0,
              "rowIndex": 0,
              "span": 1
            }
          ],
          "height": 38
        },
        "props": {
          "image": {
            "icon": {
              "path": "material/add_circle_outline"
            }
          },
          "style": {
            "classes": "btnPrimary"
          },
          "text": ""
        },
        "type": "ia.input.button"
      },
      {
        "events": {
          "component": {
            "onActionPerformed": {
              "config": {
                "script": "\tuser_id \u003d self.session.custom.user_id\n\t\n\tquery \u003d \"\"\"\n        SELECT id, title, description, is_completed, created_at\n        FROM Tasks\n        WHERE user_id \u003d ?\n        ORDER BY id DESC\n    \"\"\"\n\t\n\ttasks \u003d system.db.runPrepQuery(query, [user_id], \"MyPanelDB\")\n\t\n\tdata \u003d []\n\t\n\tfor row in tasks:\n\t\tdata.append({\n\t\t\t\"id\": row[\"id\"],\n            \"title\": row[\"title\"],\n            \"description\": row[\"description\"],\n            \"is_completed\": bool(row[\"is_completed\"]),\n            \"created_at\": row[\"created_at\"]\n        })\n  \n\tself.getSibling(\"TasksTable\").props.data \u003d data\n\tself.getSibling(\"MessageLabel\").props.text \u003d \"\"\n\tself.getSibling(\"Label\").props.text \u003d \"\""
              },
              "scope": "G",
              "type": "script"
            }
          }
        },
        "meta": {
          "name": "RefreshButton"
        },
        "position": {
          "breakpoints": [
            {
              "colIndex": 4,
              "name": "sm",
              "order": 1,
              "rowIndex": 0,
              "span": 4
            },
            {
              "colIndex": 4,
              "name": "md",
              "order": 2,
              "rowIndex": 0,
              "span": 2
            },
            {
              "colIndex": 2,
              "name": "lg",
              "order": 2,
              "rowIndex": 0,
              "span": 1
            }
          ],
          "height": 38
        },
        "props": {
          "image": {
            "icon": {
              "path": "material/refresh"
            }
          },
          "style": {
            "borderRadius": "10px"
          },
          "text": ""
        },
        "type": "ia.input.button"
      },
      {
        "events": {
          "component": {
            "onEditCellCommit": {
              "config": {
                "script": "\tnew_value \u003d event.value\n\ttask_id \u003d self.props.data[event.row][\"id\"]\n\t\n\tif event.column \u003d\u003d \"is_completed\":\n\t\tnew_value_int \u003d 1 if new_value else 0\n\t\t\n\t\ttry:\n\t\t\tsystem.db.runPrepUpdate(\"UPDATE Tasks SET is_completed \u003d ? WHERE id \u003d ?\", [new_value_int, task_id], \"MyPanelDB\")\n\t\t\n\t\t\tself.getSibling(\"MessageLabel\").props.style[\"color\"] \u003d \"green\"\n\t\t\tself.getSibling(\"MessageLabel\").props.text \u003d \"Task updated nicely!\"\n\t\t\t\n\t\t\tself.props.data[event.row][event.column] \u003d event.value\n\t\t\t\n\t\texcept Exception as e:\n\t\t\tself.getSibling(\"MessageLabel\").props.style[\"color\"] \u003d \"red\"\n\t\t\tself.getSibling(\"MessageLabel\").props.text \u003d \"An error occurred updating!\"\n\telif event.column \u003d\u003d \"description\":\n\t\ttry:\n\t\t\tsystem.db.runPrepUpdate(\"UPDATE Tasks SET description \u003d ? WHERE id \u003d ?\", [new_value, task_id], \"MyPanelDB\")\n\t\t\n\t\t\tself.getSibling(\"MessageLabel\").props.style[\"color\"] \u003d \"green\"\n\t\t\tself.getSibling(\"MessageLabel\").props.text \u003d \"Task updated nicely!\"\n\t\t\t\n\t\t\tself.props.data[event.row][event.column] \u003d event.value\n\t\t\t\n\t\texcept Exception as e:\n\t\t\tself.getSibling(\"MessageLabel\").props.style[\"color\"] \u003d \"red\"\n\t\t\tself.getSibling(\"MessageLabel\").props.text \u003d \"An error occurred updating!\"\n\telse:\n\t\ttry:\n\t\t\tsystem.db.runPrepUpdate(\"UPDATE Tasks SET title \u003d ? WHERE id \u003d ?\", [new_value, task_id], \"MyPanelDB\")\n\t\t\n\t\t\tself.getSibling(\"MessageLabel\").props.style[\"color\"] \u003d \"green\"\n\t\t\tself.getSibling(\"MessageLabel\").props.text \u003d \"Task updated nicely!\"\n\t\t\t\n\t\t\tself.props.data[event.row][event.column] \u003d event.value\n\t\t\t\n\t\texcept Exception as e:\n\t\t\tself.getSibling(\"MessageLabel\").props.style[\"color\"] \u003d \"red\"\n\t\t\tself.getSibling(\"MessageLabel\").props.text \u003d \"An error occurred updating!\""
              },
              "scope": "G",
              "type": "script"
            },
            "onRowClick": {
              "config": {
                "script": "\tself.getSibling(\"Label\").props.text \u003d self.props.data[event.row][\"id\"]"
              },
              "scope": "G",
              "type": "script"
            }
          }
        },
        "meta": {
          "name": "TasksTable"
        },
        "position": {
          "breakpoints": [
            {
              "colIndex": 0,
              "name": "sm",
              "order": 1,
              "rowIndex": 1,
              "span": 12
            },
            {
              "colIndex": 0,
              "name": "md",
              "order": 1,
              "rowIndex": 1,
              "span": 12
            },
            {
              "colIndex": 0,
              "name": "lg",
              "order": 0,
              "rowIndex": 1,
              "span": 12
            }
          ],
          "height": 432
        },
        "props": {
          "columns": [
            {
              "align": "center",
              "boolean": "checkbox",
              "dateFormat": "MM/DD/YYYY",
              "editable": true,
              "field": "title",
              "filter": {
                "boolean": {
                  "condition": ""
                },
                "date": {
                  "condition": "",
                  "value": ""
                },
                "enabled": false,
                "number": {
                  "condition": "",
                  "value": ""
                },
                "string": {
                  "condition": "",
                  "value": ""
                },
                "visible": "on-hover"
              },
              "footer": {
                "align": "center",
                "justify": "left",
                "style": {
                  "classes": ""
                },
                "title": ""
              },
              "header": {
                "align": "center",
                "justify": "left",
                "style": {
                  "classes": ""
                },
                "title": "Title"
              },
              "justify": "auto",
              "nullFormat": {
                "includeNullStrings": false,
                "nullFormatValue": "",
                "strict": false
              },
              "number": "value",
              "numberFormat": "0,0.##",
              "progressBar": {
                "bar": {
                  "color": "",
                  "style": {
                    "classes": ""
                  }
                },
                "max": 100,
                "min": 0,
                "track": {
                  "color": "",
                  "style": {
                    "classes": ""
                  }
                },
                "value": {
                  "enabled": true,
                  "format": "0,0.##",
                  "justify": "center",
                  "style": {
                    "classes": ""
                  }
                }
              },
              "render": "string",
              "resizable": true,
              "sort": "none",
              "sortable": true,
              "strictWidth": false,
              "style": {
                "classes": ""
              },
              "toggleSwitch": {
                "color": {
                  "selected": "",
                  "unselected": ""
                }
              },
              "viewParams": {},
              "viewPath": "",
              "visible": true,
              "width": ""
            },
            {
              "align": "center",
              "boolean": "checkbox",
              "dateFormat": "MM/DD/YYYY",
              "editable": true,
              "field": "description",
              "filter": {
                "boolean": {
                  "condition": ""
                },
                "date": {
                  "condition": "",
                  "value": ""
                },
                "enabled": false,
                "number": {
                  "condition": "",
                  "value": ""
                },
                "string": {
                  "condition": "",
                  "value": ""
                },
                "visible": "on-hover"
              },
              "footer": {
                "align": "center",
                "justify": "left",
                "style": {
                  "classes": ""
                },
                "title": ""
              },
              "header": {
                "align": "center",
                "justify": "left",
                "style": {
                  "classes": ""
                },
                "title": "Description"
              },
              "justify": "auto",
              "nullFormat": {
                "includeNullStrings": false,
                "nullFormatValue": "",
                "strict": false
              },
              "number": "value",
              "numberFormat": "0,0.##",
              "progressBar": {
                "bar": {
                  "color": "",
                  "style": {
                    "classes": ""
                  }
                },
                "max": 100,
                "min": 0,
                "track": {
                  "color": "",
                  "style": {
                    "classes": ""
                  }
                },
                "value": {
                  "enabled": true,
                  "format": "0,0.##",
                  "justify": "center",
                  "style": {
                    "classes": ""
                  }
                }
              },
              "render": "string",
              "resizable": true,
              "sort": "none",
              "sortable": false,
              "strictWidth": false,
              "style": {
                "classes": ""
              },
              "toggleSwitch": {
                "color": {
                  "selected": "",
                  "unselected": ""
                }
              },
              "viewParams": {},
              "viewPath": "",
              "visible": true,
              "width": ""
            },
            {
              "align": "center",
              "boolean": "checkbox",
              "dateFormat": "MM/DD/YYYY",
              "editable": true,
              "field": "is_completed",
              "filter": {
                "boolean": {
                  "condition": ""
                },
                "date": {
                  "condition": "",
                  "value": ""
                },
                "enabled": false,
                "number": {
                  "condition": "",
                  "value": ""
                },
                "string": {
                  "condition": "",
                  "value": ""
                },
                "visible": "on-hover"
              },
              "footer": {
                "align": "center",
                "justify": "left",
                "style": {
                  "classes": ""
                },
                "title": ""
              },
              "header": {
                "align": "center",
                "justify": "left",
                "style": {
                  "classes": ""
                },
                "title": "Completed"
              },
              "justify": "auto",
              "nullFormat": {
                "includeNullStrings": false,
                "nullFormatValue": "",
                "strict": false
              },
              "number": "value",
              "numberFormat": "0,0.##",
              "progressBar": {
                "bar": {
                  "color": "",
                  "style": {
                    "classes": ""
                  }
                },
                "max": 100,
                "min": 0,
                "track": {
                  "color": "",
                  "style": {
                    "classes": ""
                  }
                },
                "value": {
                  "enabled": true,
                  "format": "0,0.##",
                  "justify": "center",
                  "style": {
                    "classes": ""
                  }
                }
              },
              "render": "boolean",
              "resizable": true,
              "sort": "none",
              "sortable": true,
              "strictWidth": false,
              "style": {
                "classes": ""
              },
              "toggleSwitch": {
                "color": {
                  "selected": "",
                  "unselected": ""
                }
              },
              "viewParams": {},
              "viewPath": "",
              "visible": true,
              "width": ""
            },
            {
              "align": "center",
              "boolean": "checkbox",
              "dateFormat": "MM/DD/YYYY",
              "editable": false,
              "field": "id",
              "filter": {
                "boolean": {
                  "condition": ""
                },
                "date": {
                  "condition": "",
                  "value": ""
                },
                "enabled": false,
                "number": {
                  "condition": "",
                  "value": ""
                },
                "string": {
                  "condition": "",
                  "value": ""
                },
                "visible": "on-hover"
              },
              "footer": {
                "align": "center",
                "justify": "left",
                "style": {
                  "classes": ""
                },
                "title": ""
              },
              "header": {
                "align": "center",
                "justify": "left",
                "style": {
                  "classes": ""
                },
                "title": "id"
              },
              "justify": "auto",
              "nullFormat": {
                "includeNullStrings": false,
                "nullFormatValue": "",
                "strict": false
              },
              "number": "value",
              "numberFormat": "0,0.##",
              "progressBar": {
                "bar": {
                  "color": "",
                  "style": {
                    "classes": ""
                  }
                },
                "max": 100,
                "min": 0,
                "track": {
                  "color": "",
                  "style": {
                    "classes": ""
                  }
                },
                "value": {
                  "enabled": true,
                  "format": "0,0.##",
                  "justify": "center",
                  "style": {
                    "classes": ""
                  }
                }
              },
              "render": "number",
              "resizable": true,
              "sort": "none",
              "sortable": true,
              "strictWidth": false,
              "style": {
                "classes": ""
              },
              "toggleSwitch": {
                "color": {
                  "selected": "",
                  "unselected": ""
                }
              },
              "viewParams": {},
              "viewPath": "",
              "visible": false,
              "width": ""
            },
            {
              "align": "center",
              "boolean": "checkbox",
              "dateFormat": "MM/DD/YYYY",
              "editable": false,
              "field": "created_at",
              "filter": {
                "boolean": {
                  "condition": ""
                },
                "date": {
                  "condition": "",
                  "value": ""
                },
                "enabled": false,
                "number": {
                  "condition": "",
                  "value": ""
                },
                "string": {
                  "condition": "",
                  "value": ""
                },
                "visible": "on-hover"
              },
              "footer": {
                "align": "center",
                "justify": "left",
                "style": {
                  "classes": ""
                },
                "title": ""
              },
              "header": {
                "align": "center",
                "justify": "left",
                "style": {
                  "classes": ""
                },
                "title": "Created at"
              },
              "justify": "auto",
              "nullFormat": {
                "includeNullStrings": false,
                "nullFormatValue": "",
                "strict": false
              },
              "number": "value",
              "numberFormat": "0,0.##",
              "progressBar": {
                "bar": {
                  "color": "",
                  "style": {
                    "classes": ""
                  }
                },
                "max": 100,
                "min": 0,
                "track": {
                  "color": "",
                  "style": {
                    "classes": ""
                  }
                },
                "value": {
                  "enabled": true,
                  "format": "0,0.##",
                  "justify": "center",
                  "style": {
                    "classes": ""
                  }
                }
              },
              "render": "auto",
              "resizable": true,
              "sort": "none",
              "sortable": true,
              "strictWidth": false,
              "style": {
                "classes": ""
              },
              "toggleSwitch": {
                "color": {
                  "selected": "",
                  "unselected": ""
                }
              },
              "viewParams": {},
              "viewPath": "",
              "visible": true,
              "width": ""
            }
          ]
        },
        "type": "ia.display.table"
      },
      {
        "meta": {
          "name": "MessageLabel"
        },
        "position": {
          "breakpoints": [
            {
              "colIndex": 0,
              "name": "sm",
              "order": 0.5,
              "rowIndex": 1,
              "span": 12
            },
            {
              "colIndex": 0,
              "name": "md",
              "order": 0,
              "rowIndex": 1,
              "span": 12
            },
            {
              "colIndex": 0,
              "name": "lg",
              "order": -0.5,
              "rowIndex": 1,
              "span": 12
            }
          ],
          "height": 30
        },
        "props": {
          "style": {
            "fontFamily": "monospace"
          }
        },
        "type": "ia.display.label"
      },
      {
        "events": {
          "component": {
            "onActionPerformed": {
              "config": {
                "script": "\ttask_id \u003d self.getSibling(\"Label\").props.text\n\t\n\tif not task_id:\n\t\tself.getSibling(\"MessageLabel\").props.style[\"color\"] \u003d \"red\"\n\t\tself.getSibling(\"MessageLabel\").props.text \u003d \"Please select one row before deleting\"\n\t\treturn\n\t\n\ttry:\n\t\tquery \u003d \"DELETE FROM Tasks WHERE id \u003d ?\"\n\t\tsystem.db.runPrepUpdate(query, [task_id], \"MyPanelDB\")\n\t\tself.getSibling(\"Label\").props.text \u003d \"\"\n\t\tself.getSibling(\"MessageLabel\").props.style[\"color\"] \u003d \"green\"\n\t\tself.getSibling(\"MessageLabel\").props.text \u003d \"Task deleted nicely! Please refresh table\"\n\texcept Exception as e:\n\t\tmessage_label.props.style[\"color\"] \u003d \"red\"\n\t\tmessage_label.props.text \u003d \"Error deleting task: \" + str(e)"
              },
              "scope": "G",
              "type": "script"
            }
          }
        },
        "meta": {
          "name": "Button"
        },
        "position": {
          "breakpoints": [
            {
              "colIndex": 8,
              "name": "sm",
              "order": 2,
              "rowIndex": 0,
              "span": 4
            },
            {
              "colIndex": 2,
              "name": "md",
              "order": 1,
              "rowIndex": 0,
              "span": 2
            },
            {
              "colIndex": 1,
              "name": "lg",
              "order": 1,
              "rowIndex": 0,
              "span": 1
            }
          ],
          "height": 38
        },
        "props": {
          "image": {
            "icon": {
              "path": "material/delete_outline"
            }
          },
          "style": {
            "classes": "btnLogout"
          },
          "text": ""
        },
        "type": "ia.input.button"
      },
      {
        "meta": {
          "name": "Label",
          "visible": false
        },
        "position": {
          "breakpoints": [
            {
              "colIndex": 1,
              "name": "sm",
              "order": 1,
              "rowIndex": 2,
              "span": 1
            },
            {
              "colIndex": 1,
              "name": "md",
              "order": 1,
              "rowIndex": 2,
              "span": 1
            },
            {
              "colIndex": 0,
              "name": "lg",
              "order": 0,
              "rowIndex": 2,
              "span": 1
            }
          ],
          "height": 60
        },
        "type": "ia.display.label"
      }
    ],
    "events": {
      "system": {
        "onStartup": {
          "config": {
            "script": "\tuser_id \u003d self.session.custom.user_id\n\t\n\tquery \u003d \"\"\"\n        SELECT id, title, description, is_completed, created_at\n        FROM Tasks\n        WHERE user_id \u003d ?\n        ORDER BY id DESC\n    \"\"\"\n\t\n\ttasks \u003d system.db.runPrepQuery(query, [user_id], \"MyPanelDB\")\n\t\n\tdata \u003d []\n\t\n\tfor row in tasks:\n\t\tdata.append({\n\t\t\t\"id\": row[\"id\"],\n            \"title\": row[\"title\"],\n            \"description\": row[\"description\"],\n            \"is_completed\": bool(row[\"is_completed\"]),\n            \"created_at\": row[\"created_at\"]\n        })\n    \n\tself.getChild(\"TasksTable\").props.data \u003d data\n\tself.getChild(\"Label\").props.text \u003d \"\"\n\tself.getChild(\"MessageLabel\").props.text \u003d \"\""
          },
          "scope": "G",
          "type": "script"
        }
      }
    },
    "meta": {
      "name": "root"
    },
    "props": {
      "style": {
        "padding": "20px"
      }
    },
    "type": "ia.container.column"
  }
}