{
  "custom": {},
  "events": {
    "system": {
      "onStartup": {
        "config": {
          "script": "\tif self.session.custom.username \u003d\u003d \"\" or self.session.custom.username \u003d\u003d None:\n\t\tsystem.perspective.navigate(\"/\")\n\t\treturn\n\t\n\tself.getSibling(\"AlertLabel\").meta.visible \u003d False"
        },
        "scope": "G",
        "type": "script"
      }
    }
  },
  "params": {},
  "props": {},
  "root": {
    "children": [
      {
        "meta": {
          "name": "HeadingLabel"
        },
        "position": {
          "breakpoints": [
            {
              "colIndex": 0,
              "name": "sm",
              "order": 1,
              "rowIndex": 0,
              "span": 12
            },
            {
              "colIndex": 0,
              "name": "md",
              "order": 1,
              "rowIndex": 0,
              "span": 12
            },
            {
              "colIndex": 0,
              "name": "lg",
              "order": 1,
              "rowIndex": 0,
              "span": 12
            }
          ],
          "height": 60
        },
        "props": {
          "style": {
            "classes": "heading"
          },
          "text": "Settings"
        },
        "type": "ia.display.label"
      },
      {
        "events": {
          "component": {
            "onActionPerformed": {
              "config": {
                "script": "\t if self.props.selected \u003d\u003d True:\n\t \tself.session.props.appBar.togglePosition \u003d \"hidden\"\n\t elif self.props.selected \u003d\u003d False:\n\t \tself.session.props.appBar.togglePosition \u003d \"right\""
              },
              "scope": "G",
              "type": "script"
            }
          }
        },
        "meta": {
          "name": "AppBarToggleSwitch"
        },
        "position": {
          "breakpoints": [
            {
              "colIndex": 0,
              "name": "sm",
              "order": 0,
              "rowIndex": 1,
              "span": 12
            },
            {
              "colIndex": 0,
              "name": "md",
              "order": 1,
              "rowIndex": 1,
              "span": 1
            },
            {
              "colIndex": 0,
              "name": "lg",
              "order": 1,
              "rowIndex": 1,
              "span": 1
            }
          ],
          "height": 60
        },
        "type": "ia.input.toggle-switch"
      },
      {
        "meta": {
          "name": "AppBarLabel"
        },
        "position": {
          "breakpoints": [
            {
              "colIndex": 0,
              "name": "sm",
              "order": 1,
              "rowIndex": 1,
              "span": 12
            },
            {
              "colIndex": 1,
              "name": "md",
              "order": 3,
              "rowIndex": 1,
              "span": 11
            },
            {
              "colIndex": 1,
              "name": "lg",
              "order": 3,
              "rowIndex": 1,
              "span": 11
            }
          ],
          "height": 60
        },
        "props": {
          "style": {
            "fontFamily": "monospace",
            "fontSize": "16px"
          },
          "text": "Show or hide App Bar button"
        },
        "type": "ia.display.label"
      },
      {
        "events": {
          "component": {
            "onActionPerformed": {
              "config": {
                "name": "light-cool"
              },
              "scope": "C",
              "type": "theme"
            }
          }
        },
        "meta": {
          "name": "LightThemeButton"
        },
        "position": {
          "breakpoints": [
            {
              "colIndex": 0,
              "name": "sm",
              "order": 1,
              "rowIndex": 2,
              "span": 6
            },
            {
              "colIndex": 0,
              "name": "md",
              "order": 1,
              "rowIndex": 2,
              "span": 4
            },
            {
              "colIndex": 0,
              "name": "lg",
              "order": 1,
              "rowIndex": 2,
              "span": 4
            }
          ],
          "height": 60
        },
        "props": {
          "image": {
            "icon": {
              "path": "material/brightness_5"
            }
          },
          "style": {
            "classes": "btnPrimary",
            "marginBottom": "10px"
          },
          "text": "Light Theme"
        },
        "type": "ia.input.button"
      },
      {
        "events": {
          "component": {
            "onActionPerformed": {
              "config": {
                "name": "dark-cool"
              },
              "scope": "C",
              "type": "theme"
            }
          }
        },
        "meta": {
          "name": "DarkThemeButton"
        },
        "position": {
          "breakpoints": [
            {
              "colIndex": 6,
              "name": "sm",
              "order": 3,
              "rowIndex": 2,
              "span": 6
            },
            {
              "colIndex": 4,
              "name": "md",
              "order": 1.5,
              "rowIndex": 2,
              "span": 4
            },
            {
              "colIndex": 4,
              "name": "lg",
              "order": 2,
              "rowIndex": 2,
              "span": 4
            }
          ],
          "height": 60
        },
        "props": {
          "image": {
            "icon": {
              "path": "material/brightness_3"
            }
          },
          "style": {
            "backgroundColor": "#34495E"
          },
          "text": "Dark Theme"
        },
        "type": "ia.input.button"
      },
      {
        "meta": {
          "name": "LanguageDropdown"
        },
        "position": {
          "breakpoints": [
            {
              "colIndex": 0,
              "name": "sm",
              "order": 1,
              "rowIndex": 3,
              "span": 12
            },
            {
              "colIndex": 0,
              "name": "md",
              "order": 1,
              "rowIndex": 4,
              "span": 3
            },
            {
              "colIndex": 0,
              "name": "lg",
              "order": 1,
              "rowIndex": 3,
              "span": 3
            }
          ],
          "height": 60
        },
        "propConfig": {
          "props.value": {
            "binding": {
              "config": {
                "bidirectional": true,
                "path": "session.props.locale"
              },
              "type": "property"
            }
          }
        },
        "props": {
          "options": [
            {
              "label": "English",
              "value": "en-US"
            },
            {
              "label": "Spanish",
              "value": "es"
            }
          ]
        },
        "type": "ia.input.dropdown"
      },
      {
        "meta": {
          "name": "LanguageLabel"
        },
        "position": {
          "breakpoints": [
            {
              "colIndex": 0,
              "name": "sm",
              "order": 2,
              "rowIndex": 3,
              "span": 8
            },
            {
              "colIndex": 0,
              "name": "md",
              "order": 1.5,
              "rowIndex": 4,
              "span": 8
            },
            {
              "colIndex": 3,
              "name": "lg",
              "order": 2,
              "rowIndex": 3,
              "span": 8
            }
          ],
          "height": 60
        },
        "props": {
          "style": {
            "fontFamily": "monospace",
            "fontSize": "16px"
          },
          "text": "Select the language you want"
        },
        "type": "ia.display.label"
      },
      {
        "meta": {
          "name": "CoordinateContainer"
        },
        "position": {
          "breakpoints": [
            {
              "colIndex": 0,
              "name": "sm",
              "order": 0,
              "rowIndex": 2,
              "span": 12
            },
            {
              "colIndex": 0,
              "name": "md",
              "order": 0,
              "rowIndex": 3,
              "span": 12
            },
            {
              "colIndex": 0,
              "name": "lg",
              "order": 0,
              "rowIndex": 2,
              "span": 12
            }
          ],
          "height": 33
        },
        "props": {
          "style": {
            "classes": "borderTop"
          }
        },
        "type": "ia.container.coord"
      },
      {
        "meta": {
          "name": "CoordinateContainer_0"
        },
        "position": {
          "breakpoints": [
            {
              "colIndex": 0,
              "name": "sm",
              "order": 3.5,
              "rowIndex": 2,
              "span": 12
            },
            {
              "colIndex": 0,
              "name": "md",
              "order": 0,
              "rowIndex": 2,
              "span": 12
            },
            {
              "colIndex": 0,
              "name": "lg",
              "order": 0.5,
              "rowIndex": 3,
              "span": 12
            }
          ],
          "height": 33
        },
        "props": {
          "style": {
            "classes": "borderTop"
          }
        },
        "type": "ia.container.coord"
      }
    ],
    "meta": {
      "name": "root"
    },
    "props": {
      "style": {
        "padding": "20px"
      }
    },
    "type": "ia.container.column"
  }
}