{
  "custom": {},
  "params": {},
  "props": {
    "defaultSize": {
      "height": 313,
      "width": 364
    }
  },
  "root": {
    "children": [
      {
        "meta": {
          "name": "HeadingLabel"
        },
        "position": {
          "basis": "32px"
        },
        "props": {
          "style": {
            "alignSelf": "center",
            "classes": "heading"
          },
          "text": "Add a task"
        },
        "type": "ia.display.label"
      },
      {
        "meta": {
          "name": "ErrorLabel"
        },
        "position": {
          "basis": "32px"
        },
        "props": {
          "style": {
            "alignSelf": "center",
            "fontSize": "monospace"
          }
        },
        "type": "ia.display.label"
      },
      {
        "meta": {
          "name": "TitleTextField"
        },
        "position": {
          "basis": "32px"
        },
        "props": {
          "placeholder": "Title",
          "style": {
            "classes": "normalField"
          }
        },
        "type": "ia.input.text-field"
      },
      {
        "meta": {
          "name": "DescTextArea"
        },
        "position": {
          "basis": "160px"
        },
        "props": {
          "placeholder": "Description",
          "style": {
            "classes": "textarea"
          }
        },
        "type": "ia.input.text-area"
      },
      {
        "events": {
          "component": {
            "onActionPerformed": {
              "config": {
                "script": "\ttitle \u003d self.getSibling(\"TitleTextField\").props.text\n\tdescription \u003d self.getSibling(\"DescTextArea\").props.text\n\terror_label \u003d self.getSibling(\"ErrorLabel\")\n\t\n\tif not title:\n\t\terror_label.props.style[\"color\"] \u003d \"red\"\n\t\terror_label.props.text \u003d \"Task title is required\"\n\t\treturn\n\t\n\tusername \u003d self.session.custom.username\n\t\n\tresult \u003d system.db.runPrepQuery(\"SELECT id FROM Users WHERE username \u003d ?\", [username], \"MyPanelDB\")\n\t\n\tuser_id \u003d result[0][0]\n\t\n\ttry:\n\t\tsystem.db.runPrepUpdate(\"INSERT INTO Tasks (user_id, title, description) VALUES (?, ?, ?)\", [user_id, title, description], \"MyPanelDB\")\n\t\t\n\t\terror_label.props.style[\"color\"] \u003d \"green\"\n\t\terror_label.props.text \u003d \"Task added successfully! Please refresh table\"\n\t\t\n\t\tself.getSibling(\"TitleTextField\").props.text \u003d \"\"\n\t\tself.getSibling(\"DescTextArea\").props.text \u003d \"\"\n\texcept Exception as e:\n\t\terror_label.props.style[\"color\"] \u003d \"red\"\n\t\terror_label.props.text \u003d \"Error adding task\""
              },
              "scope": "G",
              "type": "script"
            }
          }
        },
        "meta": {
          "name": "AddButton"
        },
        "position": {
          "basis": "34px"
        },
        "props": {
          "style": {
            "classes": "btnPrimary"
          },
          "text": "Add it"
        },
        "type": "ia.input.button"
      }
    ],
    "meta": {
      "name": "root"
    },
    "props": {
      "direction": "column",
      "justify": "space-between"
    },
    "type": "ia.container.flex"
  }
}