{
  "custom": {},
  "params": {},
  "props": {
    "defaultSize": {
      "height": 270,
      "width": 308
    }
  },
  "root": {
    "children": [
      {
        "meta": {
          "name": "Icon"
        },
        "position": {
          "basis": "68px"
        },
        "props": {
          "color": "#1ABC9C",
          "path": "material/feedback"
        },
        "type": "ia.display.icon"
      },
      {
        "meta": {
          "name": "MessageLabel"
        },
        "position": {
          "basis": "32px"
        },
        "props": {
          "style": {
            "classes": "heading"
          },
          "text": "Are you sure?"
        },
        "type": "ia.display.label"
      },
      {
        "meta": {
          "name": "EmbeddedView"
        },
        "position": {
          "basis": "53px"
        },
        "props": {
          "path": "Components/YesNoButtons"
        },
        "type": "ia.display.view"
      }
    ],
    "meta": {
      "name": "root"
    },
    "props": {
      "alignItems": "center",
      "direction": "column",
      "justify": "space-evenly",
      "wrap": "wrap"
    },
    "type": "ia.container.flex"
  }
}