{
  "custom": {},
  "params": {},
  "props": {
    "defaultSize": {
      "height": 460,
      "width": 421
    }
  },
  "root": {
    "children": [
      {
        "meta": {
          "name": "LogInFormIcon"
        },
        "position": {
          "basis": "55px"
        },
        "props": {
          "color": "#1ABC9C",
          "path": "material/login"
        },
        "type": "ia.display.icon"
      },
      {
        "meta": {
          "name": "LogInHeadingLabel"
        },
        "position": {
          "basis": "32px"
        },
        "props": {
          "style": {
            "classes": "heading"
          },
          "text": "Log In"
        },
        "type": "ia.display.label"
      },
      {
        "meta": {
          "name": "ErrorLabel"
        },
        "position": {
          "basis": "20px"
        },
        "props": {
          "style": {
            "color": "#D32F2F",
            "fontWeight": "900"
          }
        },
        "type": "ia.display.label"
      },
      {
        "meta": {
          "name": "UsernameTextField"
        },
        "position": {
          "basis": "40px"
        },
        "props": {
          "placeholder": "Username*",
          "style": {
            "alignSelf": "stretch",
            "classes": "normalField"
          }
        },
        "type": "ia.input.text-field"
      },
      {
        "meta": {
          "name": "PasswordField"
        },
        "position": {
          "basis": "40px"
        },
        "props": {
          "placeholder": "Password*",
          "style": {
            "classes": "normalField"
          }
        },
        "type": "ia.input.password-field"
      },
      {
        "events": {
          "component": {
            "onActionPerformed": {
              "config": {
                "script": "\tusername \u003d self.getSibling(\"UsernameTextField\").props.text\n\tpassword \u003d self.getSibling(\"PasswordField\").props.text\n\t\n\terror_label \u003d self.getSibling(\"ErrorLabel\")\n\t\n\tif not username or not password:\n\t\terror_label.props.text \u003d \"Username and password are required\"\n\t\treturn\n\t\n\thashed_input \u003d encryptPassword(password)\n\t\n\tquery \u003d \"SELECT password FROM Users WHERE username \u003d ?\"\n\tresult \u003d system.db.runPrepQuery(query, [username], \"MyPanelDB\")\n\t\n\tif not result or len(result) \u003d\u003d 0:\n\t\terror_label.props.text \u003d \"Username or password are incorrect\"\n\t\treturn\n\t\n\tstored_password \u003d result[0][0]\n\t\n\tif hashed_input \u003d\u003d stored_password:\n\t\tself.session.custom.username \u003d username\n\t\tself.session.custom.email \u003d system.db.runPrepQuery(\"SELECT email FROM Users WHERE username \u003d ?\", [username], \"MyPanelDB\")[0][0]\n\t\tself.session.custom.user_id \u003d system.db.runPrepQuery(\"SELECT id FROM Users WHERE username \u003d ?\", [username], \"MyPanelDB\")[0][0]\n\t\t\n\t\tsystem.perspective.closePopup(\"LksxbhPL\")\n\telse: \n\t\terror_label.props.text \u003d \"Username or password are incorrect\"\n\ndef encryptPassword(password):\n\tfrom java.security import MessageDigest\n\tmd \u003d MessageDigest.getInstance(\"SHA-256\")\n\tmd.update(password.encode(\"utf-8\"))\n\thashedBytes \u003d md.digest()\n\t# convertir a hex string\n\treturn \"\".join([\"%02x\" % b for b in hashedBytes])"
              },
              "scope": "G",
              "type": "script"
            }
          }
        },
        "meta": {
          "name": "LogInFormButton"
        },
        "position": {
          "basis": "40px"
        },
        "props": {
          "style": {
            "alignSelf": "stretch",
            "classes": "btnPrimary"
          },
          "text": "Log In"
        },
        "type": "ia.input.button"
      },
      {
        "events": {
          "component": {
            "onActionPerformed": {
              "config": {
                "script": "\tsystem.perspective.closePopup(\"LksxbhPL\")\n\tsystem.perspective.openPopup(\"7jwu2liy\", \"Popups/RegisterFormPopup\", draggable\u003dTrue, resizable\u003dFalse, modal\u003dTrue)"
              },
              "scope": "G",
              "type": "script"
            }
          }
        },
        "meta": {
          "name": "NoAccountButton"
        },
        "position": {
          "basis": "34px"
        },
        "props": {
          "primary": false,
          "style": {
            "alignSelf": "flex-end",
            "borderStyle": "none",
            "fontFamily": "monospace"
          },
          "text": "Register if you are new!"
        },
        "type": "ia.input.button"
      }
    ],
    "meta": {
      "name": "root"
    },
    "props": {
      "alignItems": "center",
      "direction": "column",
      "justify": "space-evenly",
      "style": {
        "gap": "12px",
        "maxWidth": "500px",
        "padding": "24px"
      }
    },
    "type": "ia.container.flex"
  }
}